<?xml version="1.0" encoding="utf-8"?>
<?xml-stylesheet type='text/xsl' href='ConversionLogFile.xsl'?>
<LogFile projectName="21063946_V15.1" typeText="Type" messageText="Message" timeText="Time">
  <MessageCell ServiceId="80" MessageId="30" MessageClass="Information" Timestamp="1/8/2019 1:06:29 PM">
    <Number ServiceNumber="80" MessageNumber="30" />
    <Text FeedbackText="Upgrade started" />
    <Help HelpId="-1" />
  </MessageCell>
  <Details ServiceId="80" MessageId="30" Timestamp="1/8/2019 1:06:42 PM" Debug="false">
    <Text />
  </Details>
  <Details ServiceId="80" MessageId="30" Timestamp="1/8/2019 1:07:15 PM" Debug="false">
    <Text />
  </Details>
  <Details ServiceId="80" MessageId="30" Timestamp="1/8/2019 1:07:22 PM" Debug="false">
    <Text>Reorganization succeed!</Text>
  </Details>
  <MessageCell ServiceId="80" MessageId="30" MessageClass="Information" Timestamp="1/8/2019 1:07:24 PM">
    <Number ServiceNumber="80" MessageNumber="30" />
    <Text FeedbackText="CheckRepair lost+found objects" />
    <Help HelpId="-1" />
  </MessageCell>
  <Details ServiceId="80" MessageId="30" Timestamp="1/8/2019 1:07:24 PM" Debug="false">
    <Text>No error is detected.</Text>
  </Details>
  <MessageCell ServiceId="80" MessageId="30" MessageClass="Information" Timestamp="1/8/2019 1:07:27 PM">
    <Number ServiceNumber="80" MessageNumber="30" />
    <Text FeedbackText="CheckRepair missing bidirectional links" />
    <Help HelpId="-1" />
  </MessageCell>
  <Details ServiceId="80" MessageId="30" Timestamp="1/8/2019 1:07:27 PM" Debug="false">
    <Text>No error is detected.</Text>
  </Details>
  <MessageCell ServiceId="80" MessageId="30" MessageClass="Information" Timestamp="1/8/2019 1:08:27 PM">
    <Number ServiceNumber="80" MessageNumber="30" />
    <Text FeedbackText="Conversion of SiVArc data finished" />
    <Help HelpId="-1" />
  </MessageCell>
  <MessageCell ServiceId="80" MessageId="30" MessageClass="Information" Timestamp="1/8/2019 1:09:09 PM">
    <Number ServiceNumber="80" MessageNumber="30" />
    <Text FeedbackText="The cross-reference information is being converted." />
    <Help HelpId="-1" />
  </MessageCell>
  <MessageCell ServiceId="80" MessageId="30" MessageClass="Information" Timestamp="1/8/2019 1:09:10 PM">
    <Number ServiceNumber="80" MessageNumber="30" />
    <Text FeedbackText="The cross-reference information was created successfully." />
    <Help HelpId="-1" />
  </MessageCell>
  <MessageCell ServiceId="80" MessageId="30" MessageClass="Information" Timestamp="1/8/2019 1:09:10 PM">
    <Number ServiceNumber="80" MessageNumber="30" />
    <Text FeedbackText="Conversion of the cross-reference information is finished." />
    <Help HelpId="-1" />
  </MessageCell>
  <Details ServiceId="80" MessageId="30" Timestamp="1/8/2019 1:09:16 PM" Debug="false">
    <Text>Meta Package 'Iecpl' was deleted</Text>
  </Details>
  <Details ServiceId="80" MessageId="30" Timestamp="1/8/2019 1:09:16 PM" Debug="false">
    <Text>Meta Package 'Iecpl_BlockInterface_V13.0.1' was deleted</Text>
  </Details>
  <Details ServiceId="80" MessageId="30" Timestamp="1/8/2019 1:09:16 PM" Debug="false">
    <Text>Meta Package 'Iecpl_V12' was deleted</Text>
  </Details>
  <Details ServiceId="80" MessageId="30" Timestamp="1/8/2019 1:09:16 PM" Debug="false">
    <Text>Meta Package 'S7FP' was deleted</Text>
  </Details>
  <Details ServiceId="80" MessageId="30" Timestamp="1/8/2019 1:09:16 PM" Debug="false">
    <Text>Meta Package 'S7FP_V12' was deleted</Text>
  </Details>
  <Details ServiceId="80" MessageId="30" Timestamp="1/8/2019 1:09:16 PM" Debug="false">
    <Text>Meta Package 'Siemens.Automation.CommonServices.Library.V12SP1' was deleted</Text>
  </Details>
  <Details ServiceId="80" MessageId="30" Timestamp="1/8/2019 1:09:16 PM" Debug="false">
    <Text>Meta Package 'Siemens.Automation.DomainModel.MyPC' was deleted</Text>
  </Details>
  <Details ServiceId="80" MessageId="30" Timestamp="1/8/2019 1:09:16 PM" Debug="false">
    <Text>Meta Package 'Siemens.Automation.DomainModel.Online' was deleted</Text>
  </Details>
  <Details ServiceId="80" MessageId="30" Timestamp="1/8/2019 1:09:16 PM" Debug="false">
    <Text>Meta Package 'Siemens.Simatic.HwConfiguration.Security.Model' was deleted</Text>
  </Details>
  <Details ServiceId="80" MessageId="30" Timestamp="1/8/2019 1:09:16 PM" Debug="false">
    <Text>Meta Package 'Siemens.Simatic.SystemDiagnosis.Model.Lifelist' was deleted</Text>
  </Details>
  <Details ServiceId="80" MessageId="30" Timestamp="1/8/2019 1:09:16 PM" Debug="false">
    <Text>Meta Package 'Siemens.Simatic.Tech.SMC' was deleted</Text>
  </Details>
  <Details ServiceId="80" MessageId="30" Timestamp="1/8/2019 1:09:16 PM" Debug="false">
    <Text>Meta Package 'Siemens.TechTrace.Device.Plc.Model' was deleted</Text>
  </Details>
  <Details ServiceId="80" MessageId="30" Timestamp="1/8/2019 1:09:16 PM" Debug="false">
    <Text>Package container 'HW.ET200SP.HM_PN.MDD_6ES7_155_6AU00_0BN0_V1.1_14.0.0' was deleted</Text>
  </Details>
  <Details ServiceId="80" MessageId="30" Timestamp="1/8/2019 1:09:16 PM" Debug="false">
    <Text>Package container 'HW.ET200SP.SpecialModules.ServerModules.MDD_6ES7193-6PA00-0AA0_1.0_14.0.0' was deleted</Text>
  </Details>
  <Details ServiceId="80" MessageId="30" Timestamp="1/8/2019 1:09:16 PM" Debug="false">
    <Text>Package container 'HW.ET200SP.SUBMODULES.ProfinetIO.Port.MDD_6ES7-155-6AU00-0CN0-Sub-Ports_RJ45_V2.0_14.0.0' was deleted</Text>
  </Details>
  <Details ServiceId="80" MessageId="30" Timestamp="1/8/2019 1:09:16 PM" Debug="false">
    <Text>Package container 'HW.ET200SP.SUBMODULES.ProfinetIO.Adapter.CuAdapter.MDD_6ES7-193-6AR00-0AA0-Sub-Adapter_14.0.0' was deleted</Text>
  </Details>
  <Details ServiceId="80" MessageId="30" Timestamp="1/8/2019 1:09:16 PM" Debug="false">
    <Text>Package container 'HW.ET200SP.SUBMODULES.ProfinetIO.Interface.MDD_6ES7-155-6AU00-0BN0-Sub-Interface_V1.0_14.0.0' was deleted</Text>
  </Details>
  <Details ServiceId="80" MessageId="30" Timestamp="1/8/2019 1:09:16 PM" Debug="false">
    <Text>Package container 'HW.ET200SP.SUBMODULES.ProfinetIO.HeadSubmodule.MDD_6ES7-155-6AU00-0BN0-Sub-Head_V1.1_14.0.0' was deleted</Text>
  </Details>
  <Details ServiceId="80" MessageId="30" Timestamp="1/8/2019 1:09:16 PM" Debug="false">
    <Text>Package container 'HW.ET200SP.RACK.MDD_ET200SP-Rack_1.0_14.0.0' was deleted</Text>
  </Details>
  <Details ServiceId="80" MessageId="30" Timestamp="1/8/2019 1:09:16 PM" Debug="false">
    <Text>Package container 'HW.S71500.RACK.MDD_6ES5xx-xxxxx-xxxx_1.0_14.0.0' was deleted</Text>
  </Details>
  <Details ServiceId="80" MessageId="30" Timestamp="1/8/2019 1:09:16 PM" Debug="false">
    <Text>Package container 'HW.ET200SP.DEVICE.MDD_ET200SP-Device_1.0_14.0.0' was deleted</Text>
  </Details>
  <Details ServiceId="80" MessageId="30" Timestamp="1/8/2019 1:09:16 PM" Debug="false">
    <Text>Package container 'HW.S71500.DEVICE.MDD_S71500-Device_1.0_14.0.0' was deleted</Text>
  </Details>
  <Details ServiceId="80" MessageId="30" Timestamp="1/8/2019 1:09:16 PM" Debug="false">
    <Text>Package container 'HW.ET200SP.RACK.MDD_ET200SP-Rack_1.0_13.0.10' was deleted</Text>
  </Details>
  <Details ServiceId="80" MessageId="30" Timestamp="1/8/2019 1:09:16 PM" Debug="false">
    <Text>Package container 'HW.ET200SP.SUBMODULES.ProfinetIO.HeadSubmodule.MDD_6ES7-155-6AU00-0BN0-Sub-Head_V1.1_13.0.10' was deleted</Text>
  </Details>
  <Details ServiceId="80" MessageId="30" Timestamp="1/8/2019 1:09:16 PM" Debug="false">
    <Text>Package container 'HW.ET200SP.DEVICE.MDD_ET200SP-Device_1.0_13.0.0' was deleted</Text>
  </Details>
  <Details ServiceId="80" MessageId="30" Timestamp="1/8/2019 1:09:16 PM" Debug="false">
    <Text>Package container 'HW.ET200SP.SpecialModules.ServerModules.MDD_6ES7193-6PA00-0AA0_1.0_13.0.10' was deleted</Text>
  </Details>
  <Details ServiceId="80" MessageId="30" Timestamp="1/8/2019 1:09:16 PM" Debug="false">
    <Text>Package container 'HW.ET200SP.SM_DO.MDD_6ES7136-6DB00-0CA0_1.0_13.0.1' was deleted</Text>
  </Details>
  <Details ServiceId="80" MessageId="30" Timestamp="1/8/2019 1:09:16 PM" Debug="false">
    <Text>Package container 'HW.ET200SP.SUBMODULES.ProfinetIO.Port.MDD_6ES7-155-6AU00-0CN0-Sub-Ports_RJ45_V2.0_13.0.10' was deleted</Text>
  </Details>
  <Details ServiceId="80" MessageId="30" Timestamp="1/8/2019 1:09:16 PM" Debug="false">
    <Text>Package container 'HW.ET200SP.HM_PN.MDD_6ES7_155_6AU00_0BN0_V1.1_13.0.10' was deleted</Text>
  </Details>
  <Details ServiceId="80" MessageId="30" Timestamp="1/8/2019 1:09:16 PM" Debug="false">
    <Text>Package container 'HW.ET200SP.SUBMODULES.ProfinetIO.Interface.MDD_6ES7-155-6AU00-0BN0-Sub-Interface_V1.0_13.0.10' was deleted</Text>
  </Details>
  <Details ServiceId="80" MessageId="30" Timestamp="1/8/2019 1:09:16 PM" Debug="false">
    <Text>Package container 'HW.ET200SP.SM_DI.MDD_6ES7136-6BA00-0CA0_1.0_13.0.1' was deleted</Text>
  </Details>
  <Details ServiceId="80" MessageId="30" Timestamp="1/8/2019 1:09:16 PM" Debug="false">
    <Text>Package container 'HW.ET200SP.SM_DI.MDD_6ES7131-6BF00-0BA0_1.0_13.0.10' was deleted</Text>
  </Details>
  <Details ServiceId="80" MessageId="30" Timestamp="1/8/2019 1:09:16 PM" Debug="false">
    <Text>Package container 'HW.ET200SP.SUBMODULES.ProfinetIO.Adapter.CuAdapter.MDD_6ES7-193-6AR00-0AA0-Sub-Adapter_13.0.10' was deleted</Text>
  </Details>
  <Details ServiceId="80" MessageId="30" Timestamp="1/8/2019 1:09:16 PM" Debug="false">
    <Text>Package container 'HW.S71500.CPU.CPU_1516_3_PN+DP.MDD_6ES7_516_3FN00_0AB0_1.7_13.0.1' was deleted</Text>
  </Details>
  <Details ServiceId="80" MessageId="30" Timestamp="1/8/2019 1:09:16 PM" Debug="false">
    <Text>Package container 'HW.S71500.RACK.MDD_6ES5xx-xxxxx-xxxx_1.0_13.0.0' was deleted</Text>
  </Details>
  <Details ServiceId="80" MessageId="30" Timestamp="1/8/2019 1:09:16 PM" Debug="false">
    <Text>Package container 'HW.S71500.DEVICE.MDD_S71500-Device_1.0_13.0.0' was deleted</Text>
  </Details>
  <Details ServiceId="80" MessageId="30" Timestamp="1/8/2019 1:09:16 PM" Debug="false">
    <Text>Package container 'Siemens.Simatic.Safety.Option_PlusV13SP1' was deleted</Text>
  </Details>
  <Details ServiceId="80" MessageId="30" Timestamp="1/8/2019 1:09:16 PM" Debug="false">
    <Text>Package container 'Siemens.Simatic.Iecpl_V13.0.1' was deleted</Text>
  </Details>
  <Details ServiceId="80" MessageId="30" Timestamp="1/8/2019 1:09:16 PM" Debug="false">
    <Text>Package container 'Siemens.Simatic.Iecpl.S7PSW.V13.0.1.1.Mandatory' was deleted</Text>
  </Details>
  <Details ServiceId="80" MessageId="30" Timestamp="1/8/2019 1:09:16 PM" Debug="false">
    <Text>Package container 'Siemens.Simatic.Iecpl.S7PSW.V13.0.1.0.NonMandatory' was deleted</Text>
  </Details>
  <Details ServiceId="80" MessageId="30" Timestamp="1/8/2019 1:09:16 PM" Debug="false">
    <Text>Package container 'Siemens.Simatic.Safety.Model_V12' was deleted</Text>
  </Details>
  <Details ServiceId="80" MessageId="30" Timestamp="1/8/2019 1:09:16 PM" Debug="false">
    <Text>Package container 'Siemens.TechTrace.Device.Plc.Model' was deleted</Text>
  </Details>
  <Details ServiceId="80" MessageId="30" Timestamp="1/8/2019 1:09:16 PM" Debug="false">
    <Text>Package container 'Siemens.Simatic.Iecpl_V12' was deleted</Text>
  </Details>
  <Details ServiceId="80" MessageId="30" Timestamp="1/8/2019 1:09:16 PM" Debug="false">
    <Text>Package container 'Siemens.Simatic.Tech.SMC' was deleted</Text>
  </Details>
  <Details ServiceId="80" MessageId="30" Timestamp="1/8/2019 1:09:16 PM" Debug="false">
    <Text>Package container 'HW.S7300.UnspecificCPU.CPU_3XX_Unspecific.MDD_6ES73XX-XXXXX-XXXX_1.0_12.0.0' was deleted</Text>
  </Details>
  <Details ServiceId="80" MessageId="30" Timestamp="1/8/2019 1:09:16 PM" Debug="false">
    <Text>Package container 'HW.S7300.RACK.MDD_6ES7390-1xxx0-0AA0_1.0_12.0.0' was deleted</Text>
  </Details>
  <Details ServiceId="80" MessageId="30" Timestamp="1/8/2019 1:09:16 PM" Debug="false">
    <Text>Package container 'HW.S7300.DEVICE.MDD_S7300-Device_1.0_13.0.0' was deleted</Text>
  </Details>
  <Details ServiceId="80" MessageId="30" Timestamp="1/8/2019 1:09:16 PM" Debug="false">
    <Text>Package container 'Siemens.Simatic.Iecpl' was deleted</Text>
  </Details>
  <Details ServiceId="80" MessageId="30" Timestamp="1/8/2019 1:09:16 PM" Debug="false">
    <Text>Package container 'Siemens.Simatic.Iecpl.S7BSW.V13.0.1.1.Mandatory' was deleted</Text>
  </Details>
  <Details ServiceId="80" MessageId="30" Timestamp="1/8/2019 1:09:16 PM" Debug="false">
    <Text>Package container 'Siemens.Simatic.Iecpl.S7BSW.V12.0.1.0.Mandatory' was deleted</Text>
  </Details>
  <Details ServiceId="80" MessageId="30" Timestamp="1/8/2019 1:09:16 PM" Debug="false">
    <Text>Product version 'Siemens.Simatic.STEP7.Professional:13.00.00.00' was deleted</Text>
  </Details>
  <Details ServiceId="80" MessageId="30" Timestamp="1/8/2019 1:09:16 PM" Debug="false">
    <Text>Product version 'Siemens.Simatic.STEP7.SinemaEBasic:13.00.01.00' was deleted</Text>
  </Details>
  <Details ServiceId="80" MessageId="30" Timestamp="1/8/2019 1:09:16 PM" Debug="false">
    <Text>Product version 'Siemens.Simatic.STEP7.Basic:12.00.01.00' was deleted</Text>
  </Details>
  <Details ServiceId="80" MessageId="30" Timestamp="1/8/2019 1:09:16 PM" Debug="false">
    <Text>Product version 'Siemens.Simatic.STEP7.Safety:13.00.01.00' was deleted</Text>
  </Details>
  <Details ServiceId="80" MessageId="30" Timestamp="1/8/2019 1:09:16 PM" Debug="false">
    <Text>Product version 'Siemens.Simatic.STEP7.Professional:13.00.01.00' was deleted</Text>
  </Details>
  <Details ServiceId="80" MessageId="30" Timestamp="1/8/2019 1:09:16 PM" Debug="false">
    <Text>Product version 'Siemens.Simatic.STEP7.Basic:11.00.00.00' was deleted</Text>
  </Details>
  <Details ServiceId="80" MessageId="30" Timestamp="1/8/2019 1:09:16 PM" Debug="false">
    <Text>Product version 'Siemens.Simatic.STEP7.Professional:12.00.00.00' was deleted</Text>
  </Details>
  <Details ServiceId="80" MessageId="30" Timestamp="1/8/2019 1:09:16 PM" Debug="false">
    <Text>Product version 'Siemens.Simatic.Hmi.Advanced:12.00.00.00' was deleted</Text>
  </Details>
  <Details ServiceId="80" MessageId="30" Timestamp="1/8/2019 1:09:16 PM" Debug="false">
    <Text>Product version 'Siemens.Simatic.STEP7.SinemaEBasic:13.00.00.00' was deleted</Text>
  </Details>
  <Details ServiceId="80" MessageId="30" Timestamp="1/8/2019 1:09:16 PM" Debug="false">
    <Text>Product version 'Siemens.Simatic.Portal:11.00.02.00' was deleted</Text>
  </Details>
  <Details ServiceId="80" MessageId="30" Timestamp="1/8/2019 1:09:16 PM" Debug="false">
    <Text>Product version 'Siemens.Simatic.Portal:12.00.00.00' was deleted</Text>
  </Details>
  <Details ServiceId="80" MessageId="30" Timestamp="1/8/2019 1:09:16 PM" Debug="false">
    <Text>Product version 'Siemens.Simatic.Portal:13.00.01.00' was deleted</Text>
  </Details>
  <Details ServiceId="80" MessageId="30" Timestamp="1/8/2019 1:09:16 PM" Debug="false">
    <Text>Product version 'Siemens.Simatic.Portal:11.00.02.04' was deleted</Text>
  </Details>
  <Details ServiceId="80" MessageId="30" Timestamp="1/8/2019 1:09:16 PM" Debug="false">
    <Text>Product version 'Siemens.Simatic.Portal:12.00.01.00' was deleted</Text>
  </Details>
  <Details ServiceId="80" MessageId="30" Timestamp="1/8/2019 1:09:16 PM" Debug="false">
    <Text>Product version 'Siemens.Simatic.Portal:13.00.00.00' was deleted</Text>
  </Details>
  <Details ServiceId="80" MessageId="30" Timestamp="1/8/2019 1:09:16 PM" Debug="false">
    <Text>Product version 'Siemens.Simatic.Portal:11.00.00.00' was deleted</Text>
  </Details>
  <Details ServiceId="80" MessageId="30" Timestamp="1/8/2019 1:09:16 PM" Debug="false">
    <Text>Product version 'Siemens.Simatic.Hmi.Comfort:12.00.00.00' was deleted</Text>
  </Details>
  <Details ServiceId="80" MessageId="30" Timestamp="1/8/2019 1:09:16 PM" Debug="false">
    <Text>Product version 'Siemens.Simatic.STEP7.Basic:12.00.00.00' was deleted</Text>
  </Details>
  <Details ServiceId="80" MessageId="30" Timestamp="1/8/2019 1:09:16 PM" Debug="false">
    <Text>Product version 'Siemens.Simatic.STEP7.Basic:13.00.00.00' was deleted</Text>
  </Details>
  <Details ServiceId="80" MessageId="30" Timestamp="1/8/2019 1:09:16 PM" Debug="false">
    <Text>Product version 'Siemens.Simatic.Hmi.Basic:12.00.00.00' was deleted</Text>
  </Details>
  <MessageCell ServiceId="Automation-ObjectFrame-Feedbacks" MessageId="ConversionInfoTabProjectSucceeded" MessageClass="Success" Timestamp="1/8/2019 1:09:19 PM">
    <Number ServiceNumber="80" MessageNumber="34" />
    <Text FeedbackText="Project 'G:\Job\V14\21063946.job\21063946\System\PEData.plf' was successfully upgraded and saved as project 'G:\Job\V14\21063946.job\21063946_V15.1\System\PEData.plf'." />
    <Help HelpId="-1" HelpFile="" />
  </MessageCell>
</LogFile>